Order,Latitude,Longitude,Elevation,Date Created,Distance from Start,Distance to Next,Bearing
1,37.30167,-77.31710,,,0.000,0.010,191.3
2,37.30158,-77.31712,,,0.010,0.011,270.0
3,37.30158,-77.31725,,,0.021,0.011,270.0
4,37.30158,-77.31738,,,0.033,0.011,270.0
5,37.30158,-77.31751,,,0.044,0.010,258.7
6,37.30156,-77.31762,,,0.054,0.009,243.4
7,37.30153,-77.31770,,,0.062,0.010,248.2
8,37.30150,-77.31781,,,0.072,0.013,270.0
9,37.30150,-77.31796,,,0.086,0.010,258.7
10,37.30148,-77.31807,,,0.095,0.010,258.7
11,37.30146,-77.31818,,,0.105,0.011,270.0
12,37.30146,-77.31830,,,0.117,0.013,278.1
13,37.30148,-77.31845,,,0.130,0.013,278.1
14,37.30150,-77.31860,,,0.143,0.011,270.0
15,37.30150,-77.31873,,,0.155,0.011,270.0
16,37.30150,-77.31886,,,0.166,0.009,243.4
17,37.30146,-77.31895,,,0.175,0.010,258.7
18,37.30144,-77.31906,,,0.184,0.010,258.7
19,37.30143,-77.31916,,,0.194,0.010,258.7
20,37.30141,-77.31927,,,0.204,0.011,270.0
21,37.30141,-77.31940,,,0.215,0.011,270.0
22,37.30141,-77.31953,,,0.227,0.012,279.5
23,37.30143,-77.31966,,,0.238,0.011,270.0
24,37.30143,-77.31979,,,0.250,0.011,270.0
25,37.30143,-77.31991,,,0.261,0.011,270.0
26,37.30143,-77.32004,,,0.273,0.011,270.0
27,37.30143,-77.32017,,,0.284,0.013,270.0
28,37.30143,-77.32032,,,0.297,0.013,270.0
29,37.30143,-77.32047,,,0.311,0.015,270.0
30,37.30143,-77.32064,,,0.326,0.011,270.0
31,37.30143,-77.32077,,,0.337,0.011,270.0
32,37.30143,-77.32090,,,0.349,0.011,270.0
33,37.30143,-77.32103,,,0.360,0.011,270.0
34,37.30143,-77.32116,,,0.371,0.011,270.0
35,37.30143,-77.32129,,,0.383,0.011,270.0
36,37.30143,-77.32142,,,0.394,0.013,270.0
37,37.30143,-77.32157,,,0.408,0.011,270.0
38,37.30143,-77.32169,,,0.419,0.011,270.0
39,37.30143,-77.32182,,,0.430,0.012,251.6
40,37.30139,-77.32195,,,0.442,0.010,258.7
41,37.30138,-77.32206,,,0.452,0.012,260.5
42,37.30136,-77.32219,,,0.464,0.012,260.5
43,37.30134,-77.32232,,,0.475,0.011,270.0
44,37.30134,-77.32245,,,0.487,0.011,270.0
45,37.30134,-77.32257,,,0.498,0.011,270.0
46,37.30134,-77.32270,,,0.510,0.010,258.7
47,37.30132,-77.32281,,,0.519,0.011,270.0
48,37.30132,-77.32294,,,0.531,0.011,270.0
49,37.30132,-77.32307,,,0.542,0.011,270.0
50,37.30132,-77.32320,,,0.553,0.010,258.7
51,37.30131,-77.32330,,,0.563,0.011,270.0
52,37.30131,-77.32343,,,0.575,0.013,261.9
53,37.30129,-77.32358,,,0.588,0.013,270.0
54,37.30129,-77.32373,,,0.601,0.011,270.0
55,37.30129,-77.32386,,,0.613,0.012,260.5
56,37.30127,-77.32399,,,0.624,0.011,270.0
57,37.30127,-77.32412,,,0.636,0.011,270.0
58,37.30127,-77.32425,,,0.647,0.011,270.0
59,37.30127,-77.32438,,,0.659,0.011,270.0
60,37.30127,-77.32451,,,0.670,0.000,0.0
1,37.82520,-79.08191,,,0.000,0.011,80.5
2,37.82522,-79.08178,,,0.011,0.012,71.6
3,37.82525,-79.08165,,,0.023,0.011,80.5
4,37.82527,-79.08152,,,0.035,0.012,71.6
5,37.82530,-79.08139,,,0.047,0.011,80.5
6,37.82532,-79.08127,,,0.058,0.011,80.5
7,37.82533,-79.08114,,,0.070,0.011,59.0
8,37.82539,-79.08103,,,0.081,0.011,59.0
9,37.82544,-79.08092,,,0.092,0.014,66.8
10,37.82549,-79.08077,,,0.106,0.011,80.5
11,37.82550,-79.08064,,,0.118,0.010,68.2
12,37.82554,-79.08054,,,0.128,0.011,80.5
13,37.82556,-79.08041,,,0.139,0.011,80.5
14,37.82557,-79.08028,,,0.151,0.011,90.0
15,37.82557,-79.08015,,,0.162,0.010,101.3
16,37.82556,-79.08004,,,0.172,0.011,90.0
17,37.82556,-79.07991,,,0.183,0.011,90.0
18,37.82556,-79.07979,,,0.195,0.011,80.5
19,37.82557,-79.07966,,,0.206,0.011,80.5
20,37.82559,-79.07953,,,0.218,0.011,80.5
21,37.82561,-79.07940,,,0.229,0.011,90.0
22,37.82561,-79.07927,,,0.240,0.011,90.0
23,37.82561,-79.07914,,,0.252,0.011,99.5
24,37.82559,-79.07901,,,0.263,0.008,116.6
25,37.82556,-79.07893,,,0.272,0.011,90.0
26,37.82556,-79.07880,,,0.283,0.010,101.3
27,37.82554,-79.07869,,,0.293,0.010,101.3
28,37.82552,-79.07858,,,0.302,0.010,111.8
29,37.82549,-79.07848,,,0.312,0.011,99.5
30,37.82547,-79.07835,,,0.324,0.008,116.6
31,37.82544,-79.07826,,,0.332,0.011,90.0
32,37.82544,-79.07813,,,0.344,0.010,101.3
33,37.82542,-79.07803,,,0.353,0.010,101.3
34,37.82540,-79.07792,,,0.363,0.011,90.0
35,37.82540,-79.07779,,,0.374,0.010,101.3
36,37.82539,-79.07768,,,0.384,0.008,116.6
37,37.82535,-79.07760,,,0.392,0.008,116.6
38,37.82532,-79.07751,,,0.401,0.008,116.6
39,37.82528,-79.07743,,,0.409,0.008,116.6
40,37.82525,-79.07734,,,0.418,0.008,135.0
41,37.82520,-79.07728,,,0.426,0.008,116.6
42,37.82516,-79.07719,,,0.434,0.010,101.3
43,37.82515,-79.07708,,,0.444,0.010,111.8
44,37.82511,-79.07697,,,0.454,0.010,101.3
45,37.82510,-79.07687,,,0.464,0.008,116.6
46,37.82506,-79.07678,,,0.472,0.010,101.3
47,37.82505,-79.07667,,,0.482,0.008,116.6
48,37.82501,-79.07659,,,0.490,0.008,116.6
49,37.82498,-79.07650,,,0.499,0.010,101.3
50,37.82496,-79.07640,,,0.508,0.010,101.3
51,37.82494,-79.07629,,,0.518,0.011,99.5
52,37.82493,-79.07616,,,0.529,0.008,116.6
53,37.82489,-79.07607,,,0.538,0.010,111.8
54,37.82486,-79.07597,,,0.548,0.011,90.0
55,37.82486,-79.07584,,,0.559,0.010,101.3
56,37.82484,-79.07573,,,0.569,0.011,90.0
57,37.82484,-79.07560,,,0.580,0.011,90.0
58,37.82484,-79.07547,,,0.592,0.008,116.6
59,37.82481,-79.07539,,,0.600,0.010,101.3
60,37.82479,-79.07528,,,0.610,0.013,90.0
61,37.82479,-79.07513,,,0.623,0.011,90.0
62,37.82479,-79.07500,,,0.634,0.011,90.0
63,37.82479,-79.07487,,,0.646,0.011,90.0
64,37.82479,-79.07474,,,0.657,0.011,90.0
65,37.82479,-79.07461,,,0.668,0.011,90.0
66,37.82479,-79.07449,,,0.680,0.011,90.0
67,37.82479,-79.07436,,,0.691,0.011,90.0
68,37.82479,-79.07423,,,0.702,0.011,90.0
69,37.82479,-79.07410,,,0.714,0.010,68.2
70,37.82482,-79.07399,,,0.724,0.011,59.0
71,37.82487,-79.07389,,,0.735,0.012,71.6
72,37.82491,-79.07376,,,0.747,0.010,68.2
73,37.82494,-79.07365,,,0.757,0.011,59.0
74,37.82499,-79.07354,,,0.768,0.010,68.2
75,37.82503,-79.07343,,,0.778,0.012,71.6
76,37.82506,-79.07331,,,0.790,0.012,71.6
77,37.82510,-79.07318,,,0.802,0.011,59.0
78,37.82515,-79.07307,,,0.813,0.011,80.5
79,37.82516,-79.07294,,,0.824,0.011,59.0
80,37.82522,-79.07283,,,0.835,0.013,63.4
81,37.82527,-79.07271,,,0.848,0.011,59.0
82,37.82532,-79.07260,,,0.859,0.011,59.0
83,37.82537,-79.07249,,,0.870,0.011,45.0
84,37.82544,-79.07240,,,0.881,0.012,51.3
85,37.82550,-79.07230,,,0.893,0.012,71.6
86,37.82554,-79.07217,,,0.905,0.013,63.4
87,37.82559,-79.07204,,,0.918,0.014,56.3
88,37.82566,-79.07191,,,0.931,0.008,63.4
89,37.82569,-79.07183,,,0.940,0.011,59.0
90,37.82574,-79.07172,,,0.951,0.011,59.0
91,37.82579,-79.07161,,,0.962,0.011,59.0
92,37.82585,-79.07150,,,0.973,0.012,71.6
93,37.82588,-79.07137,,,0.985,0.012,71.6
94,37.82591,-79.07125,,,0.997,0.014,56.3
95,37.82598,-79.07112,,,1.010,0.011,80.5
96,37.82600,-79.07099,,,1.022,0.011,80.5
97,37.82602,-79.07086,,,1.033,0.011,90.0
98,37.82602,-79.07073,,,1.044,0.011,59.0
99,37.82607,-79.07062,,,1.056,0.011,80.5
100,37.82608,-79.07050,,,1.067,0.011,80.5
101,37.82610,-79.07037,,,1.078,0.011,90.0
102,37.82610,-79.07024,,,1.090,0.011,90.0
103,37.82610,-79.07011,,,1.101,0.011,90.0
104,37.82610,-79.06998,,,1.112,0.012,71.6
105,37.82613,-79.06985,,,1.124,0.012,71.6
106,37.82617,-79.06972,,,1.136,0.011,80.5
107,37.82619,-79.06959,,,1.148,0.011,59.0
108,37.82624,-79.06949,,,1.159,0.010,68.2
109,37.82627,-79.06938,,,1.169,0.011,59.0
110,37.82632,-79.06927,,,1.180,0.011,59.0
111,37.82637,-79.06916,,,1.191,0.009,53.1
112,37.82642,-79.06908,,,1.201,0.011,45.0
113,37.82649,-79.06899,,,1.211,0.011,45.0
114,37.82656,-79.06891,,,1.222,0.011,45.0
115,37.82663,-79.06882,,,1.233,0.011,45.0
116,37.82670,-79.06874,,,1.243,0.013,26.6
117,37.82680,-79.06867,,,1.256,0.011,45.0
118,37.82687,-79.06859,,,1.267,0.011,45.0
119,37.82693,-79.06850,,,1.277,0.011,45.0
120,37.82700,-79.06841,,,1.288,0.011,59.0
121,37.82705,-79.06831,,,1.299,0.011,31.0
122,37.82714,-79.06824,,,1.310,0.011,59.0
123,37.82719,-79.06813,,,1.321,0.011,45.0
124,37.82726,-79.06805,,,1.332,0.011,45.0
125,37.82733,-79.06796,,,1.342,0.011,31.0
126,37.82741,-79.06790,,,1.353,0.011,31.0
127,37.82750,-79.06783,,,1.364,0.011,59.0
128,37.82755,-79.06773,,,1.375,0.011,59.0
129,37.82760,-79.06762,,,1.386,0.011,59.0
130,37.82765,-79.06751,,,1.397,0.011,45.0
131,37.82772,-79.06743,,,1.408,0.011,45.0
132,37.82779,-79.06734,,,1.419,0.011,59.0
133,37.82784,-79.06723,,,1.430,0.011,59.0
134,37.82789,-79.06713,,,1.441,0.011,59.0
135,37.82794,-79.06702,,,1.452,0.011,59.0
136,37.82799,-79.06691,,,1.463,0.010,68.2
137,37.82802,-79.06680,,,1.473,0.011,59.0
138,37.82807,-79.06670,,,1.484,0.011,45.0
139,37.82814,-79.06661,,,1.495,0.011,31.0
140,37.82823,-79.06655,,,1.506,0.011,45.0
141,37.82830,-79.06646,,,1.516,0.005,45.0
142,37.82833,-79.06642,,,1.522,0.000,0.0
1,38.29276,-78.65871,2742.782,,0.000,0.045,329.0
2,38.29310,-78.65897,2703.412,,0.045,0.052,342.9
3,38.29354,-78.65914,2667.323,,0.098,0.045,31.0
4,38.29388,-78.65889,2627.953,,0.143,0.053,351.9
5,38.29435,-78.65897,2621.391,,0.196,0.048,341.6
6,38.29475,-78.65914,2627.953,,0.244,0.050,347.0
7,38.29519,-78.65927,2608.268,,0.294,0.060,0.0
8,38.29574,-78.65927,2614.829,,0.354,0.050,347.0
9,38.29618,-78.65940,2631.234,,0.405,0.046,311.6
10,38.29645,-78.65979,2598.425,,0.451,0.048,341.6
11,38.29685,-78.65996,2572.178,,0.499,0.046,318.4
12,38.29716,-78.66030,2549.213,,0.545,0.032,256.0
13,38.29709,-78.66065,2519.685,,0.577,0.038,288.4
14,38.29719,-78.66103,2480.315,,0.615,0.053,347.0
15,38.29763,-78.66116,2424.541,,0.667,0.051,337.4
16,38.29804,-78.66137,2375.328,,0.719,0.044,290.0
17,38.29817,-78.66185,2365.486,,0.763,0.042,275.2
18,38.29820,-78.66232,2355.643,,0.804,0.040,196.7
19,38.29787,-78.66245,2329.396,,0.844,0.033,215.5
20,38.29763,-78.66266,2316.273,,0.877,0.039,225.0
21,38.29739,-78.66296,2276.903,,0.916,0.039,240.9
22,38.29722,-78.66335,2250.656,,0.955,0.036,198.4
23,38.29692,-78.66348,2237.533,,0.991,0.041,191.3
24,38.29658,-78.66356,2191.601,,1.032,0.040,191.3
25,38.29624,-78.66365,2152.231,,1.072,0.034,206.6
26,38.29597,-78.66382,2132.546,,1.106,0.036,198.4
27,38.29567,-78.66395,2129.265,,1.142,0.043,190.3
28,38.29530,-78.66404,2103.018,,1.184,0.044,201.8
29,38.29496,-78.66421,2047.244,,1.228,0.037,198.4
30,38.29465,-78.66434,2020.997,,1.265,0.036,212.0
31,38.29438,-78.66455,2007.874,,1.300,0.032,225.0
32,38.29418,-78.66481,1998.031,,1.332,0.035,229.4
33,38.29398,-78.66511,1981.627,,1.367,0.033,215.5
34,38.29374,-78.66532,1958.661,,1.400,0.032,249.4
35,38.29364,-78.66567,1948.819,,1.433,0.032,215.5
36,38.29340,-78.66588,1945.538,,1.465,0.034,206.6
37,38.29313,-78.66605,1935.696,,1.499,0.036,220.6
38,38.29289,-78.66631,1906.168,,1.534,0.035,220.6
39,38.29266,-78.66657,1886.483,,1.570,0.032,225.0
40,38.29246,-78.66683,1889.764,,1.601,0.034,243.4
41,38.29232,-78.66717,1883.202,,1.635,0.033,240.3
42,38.29218,-78.66747,1843.832,,1.668,0.040,228.8
43,38.29195,-78.66781,1856.955,,1.708,0.034,234.5
44,38.29178,-78.66811,1824.147,,1.742,0.035,229.4
45,38.29158,-78.66841,1833.990,,1.776,0.043,259.7
46,38.29151,-78.66889,1807.743,,1.819,0.038,258.7
47,38.29144,-78.66931,1794.619,,1.858,0.037,246.0
48,38.29131,-78.66970,1797.900,,1.895,0.037,251.6
49,38.29120,-78.67009,1765.092,,1.932,0.032,234.5
50,38.29103,-78.67039,1758.530,,1.964,0.037,246.0
51,38.29090,-78.67077,1751.969,,2.001,0.034,243.4
52,38.29076,-78.67112,1738.845,,2.035,0.034,243.4
53,38.29063,-78.67146,1725.722,,2.069,0.037,246.0
54,38.29049,-78.67185,1732.283,,2.106,0.033,225.0
55,38.29029,-78.67210,1758.530,,2.138,0.047,180.0
56,38.28988,-78.67210,1715.879,,2.185,0.036,198.4
57,38.28958,-78.67223,1706.037,,2.221,0.034,206.6
58,38.28931,-78.67240,1692.913,,2.255,0.037,204.0
59,38.28901,-78.67258,1683.071,,2.292,0.032,225.0
60,38.28880,-78.67283,1686.352,,2.324,0.032,234.5
61,38.28863,-78.67313,1696.194,,2.356,0.036,251.6
62,38.28853,-78.67352,1676.509,,2.392,0.037,238.0
63,38.28836,-78.67386,1646.982,,2.429,0.034,243.4
64,38.28823,-78.67421,1656.824,,2.463,0.038,258.7
65,38.28816,-78.67464,1653.543,,2.501,0.036,251.6
66,38.28806,-78.67502,1643.701,,2.537,0.038,233.1
67,38.28786,-78.67537,1650.262,,2.574,0.036,238.0
68,38.28769,-78.67571,1630.577,,2.610,0.035,229.4
69,38.28748,-78.67601,1650.262,,2.645,0.035,229.4
70,38.28728,-78.67631,1637.139,,2.680,0.033,234.5
71,38.28711,-78.67661,1653.543,,2.713,0.046,270.0
72,38.28711,-78.67712,1630.577,,2.758,0.036,251.6
73,38.28701,-78.67751,1617.454,,2.794,0.036,251.6
74,38.28691,-78.67790,1610.892,,2.830,0.039,240.9
75,38.28674,-78.67828,1617.454,,2.869,0.050,270.0
76,38.28674,-78.67884,1587.927,,2.918,0.043,254.7
77,38.28664,-78.67931,1578.084,,2.961,0.035,229.4
78,38.28643,-78.67961,1564.961,,2.996,0.039,240.9
79,38.28627,-78.68000,1578.084,,3.035,0.032,234.5
80,38.28610,-78.68030,1584.646,,3.067,0.034,243.4
81,38.28596,-78.68064,1578.084,,3.101,0.035,243.4
82,38.28583,-78.68099,1607.612,,3.136,0.038,246.0
83,38.28569,-78.68137,1578.084,,3.174,0.043,254.7
84,38.28559,-78.68185,1568.241,,3.217,0.049,265.6
85,38.28555,-78.68240,1561.680,,3.266,0.044,290.0
86,38.28569,-78.68288,1581.365,,3.310,0.046,279.5
87,38.28576,-78.68339,1574.803,,3.356,0.049,274.4
88,38.28579,-78.68395,1568.241,,3.405,0.049,274.4
89,38.28583,-78.68451,1558.399,,3.454,0.048,274.8
90,38.28586,-78.68502,1509.186,,3.501,0.043,285.3
91,38.28596,-78.68549,1496.063,,3.544,0.045,274.8
92,38.28599,-78.68601,1489.501,,3.590,0.037,246.0
93,38.28586,-78.68639,1505.906,,3.627,0.034,243.4
94,38.28572,-78.68674,1489.501,,3.661,0.039,240.9
95,38.28555,-78.68712,1489.501,,3.700,0.035,220.6
96,38.28532,-78.68738,1476.378,,3.734,0.035,229.4
97,38.28512,-78.68768,1459.974,,3.769,0.039,240.9
98,38.28495,-78.68807,1453.412,,3.808,0.049,270.0
99,38.28495,-78.68863,1443.570,,3.857,0.045,274.8
100,38.28498,-78.68914,1437.008,,3.902,0.049,274.4
101,38.28501,-78.68970,1427.165,,3.951,0.049,270.0
102,38.28501,-78.69026,1420.604,,4.000,0.040,291.8
103,38.28515,-78.69069,1414.042,,4.041,0.046,279.5
104,38.28522,-78.69120,1414.042,,4.086,0.047,288.4
105,38.28535,-78.69172,1414.042,,4.134,0.046,279.5
106,38.28542,-78.69223,1414.042,,4.180,0.044,290.0
107,38.28555,-78.69270,1407.480,,4.224,0.048,288.4
108,38.28569,-78.69322,1400.919,,4.271,0.043,307.9
109,38.28593,-78.69360,1397.638,,4.314,0.044,301.0
110,38.28613,-78.69403,1404.199,,4.358,0.044,301.0
111,38.28633,-78.69446,1397.638,,4.402,0.038,323.1
112,38.28660,-78.69472,1391.076,,4.439,0.052,300.3
113,38.28684,-78.69524,1387.795,,4.491,0.046,279.5
114,38.28691,-78.69575,1391.076,,4.537,0.042,296.6
115,38.28708,-78.69618,1384.514,,4.579,0.043,322.1
116,38.28738,-78.69648,1384.514,,4.622,0.040,291.8
117,38.28752,-78.69691,1381.234,,4.662,0.048,341.6
118,38.28792,-78.69708,1377.953,,4.710,0.044,329.0
119,38.28826,-78.69734,1377.953,,4.754,0.044,329.0
120,38.28860,-78.69760,1374.672,,4.797,0.048,341.6
121,38.28901,-78.69777,1368.110,,4.845,0.050,347.0
122,38.28944,-78.69790,1368.110,,4.895,0.049,337.4
123,38.28985,-78.69811,1381.234,,4.944,0.038,348.7
124,38.29019,-78.69820,1381.234,,4.982,0.040,311.2
125,38.29043,-78.69854,1384.514,,5.022,0.047,341.6
126,38.29083,-78.69871,1384.514,,5.070,0.046,325.0
127,38.29117,-78.69901,1384.514,,5.116,0.042,315.0
128,38.29144,-78.69935,1381.234,,5.158,0.045,335.6
129,38.29181,-78.69957,1374.672,,5.203,0.047,331.4
130,38.29218,-78.69983,1384.514,,5.251,0.052,342.9
131,38.29262,-78.70000,1361.549,,5.302,0.056,356.2
132,38.29313,-78.70004,1354.987,,5.359,0.050,347.0
133,38.29357,-78.70017,1364.829,,5.409,0.046,355.2
134,38.29398,-78.70021,1332.021,,5.455,0.057,356.2
135,38.29448,-78.70026,1351.706,,5.512,0.056,356.2
136,38.29499,-78.70030,1354.987,,5.568,0.050,13.0
137,38.29543,-78.70017,1338.583,,5.619,0.060,0.0
138,38.29597,-78.70017,1335.302,,5.679,0.042,26.6
139,38.29631,-78.69996,1318.898,,5.721,0.050,13.0
140,38.29675,-78.69983,1328.740,,5.771,0.054,12.1
141,38.29722,-78.69970,1341.864,,5.825,0.043,322.1
142,38.29753,-78.70000,1335.302,,5.868,0.039,330.9
143,38.29783,-78.70021,1354.987,,5.907,0.043,315.0
144,38.29810,-78.70056,1371.391,,5.950,0.049,0.0
145,38.29854,-78.70056,1348.425,,5.999,0.056,356.2
146,38.29905,-78.70060,1341.864,,6.056,0.041,5.2
147,38.29942,-78.70056,1338.583,,6.097,0.054,8.1
148,38.29990,-78.70047,1305.774,,6.151,0.070,337.6
149,38.30047,-78.70077,1338.583,,6.221,0.054,320.7
150,38.30084,-78.70116,1354.987,,6.274,0.072,328.0
151,38.30138,-78.70159,1309.055,,6.347,0.056,312.3
152,38.30172,-78.70206,1312.336,,6.402,0.056,312.3
153,38.30206,-78.70253,1305.774,,6.458,0.057,277.6
154,38.30213,-78.70317,1322.178,,6.515,0.056,289.7
155,38.30230,-78.70378,1338.583,,6.571,0.065,350.0
156,38.30287,-78.70390,1322.178,,6.636,0.038,0.0
157,38.30321,-78.70390,1295.932,,6.675,0.064,331.9
158,38.30372,-78.70425,1309.055,,6.739,0.048,331.4
159,38.30409,-78.70450,1332.021,,6.786,0.053,4.1
160,38.30456,-78.70446,1305.774,,6.839,0.066,6.7
161,38.30514,-78.70438,1263.123,,6.905,0.046,35.0
162,38.30548,-78.70408,1272.966,,6.951,0.047,18.4
163,38.30588,-78.70390,1272.966,,6.998,0.035,40.6
164,38.30612,-78.70365,1269.685,,7.033,0.052,318.0
165,38.30646,-78.70403,1305.774,,7.085,0.049,32.5
166,38.30683,-78.70373,1305.774,,7.134,0.058,31.6
167,38.30727,-78.70339,1325.459,,7.191,0.040,21.8
168,38.30761,-78.70322,1325.459,,7.232,0.043,344.7
169,38.30798,-78.70335,1325.459,,7.274,0.069,330.6
170,38.30852,-78.70373,1345.144,,7.344,0.052,333.4
171,38.30892,-78.70399,1302.493,,7.396,0.044,290.0
172,38.30906,-78.70446,1315.617,,7.440,0.049,292.6
173,38.30923,-78.70498,1299.213,,7.489,0.064,273.4
174,38.30926,-78.70571,1312.336,,7.553,0.038,270.0
175,38.30926,-78.70614,1318.898,,7.590,0.057,289.7
176,38.30943,-78.70674,1358.268,,7.648,0.069,310.6
177,38.30984,-78.70734,1364.829,,7.717,0.034,0.0
178,38.31014,-78.70734,1358.268,,7.751,0.069,299.4
179,38.31045,-78.70802,1351.706,,7.820,0.057,183.8
180,38.30994,-78.70807,1371.391,,7.876,0.047,208.6
181,38.30957,-78.70832,1381.234,,7.923,0.052,197.1
182,38.30913,-78.70850,1404.199,,7.975,0.081,169.2
183,38.30842,-78.70832,1450.131,,8.056,0.051,184.4
184,38.30798,-78.70837,1492.782,,8.107,0.051,216.0
185,38.30761,-78.70871,1505.906,,8.158,0.051,222.0
186,38.30727,-78.70910,1509.186,,8.209,0.056,195.9
187,38.30679,-78.70927,1545.276,,8.264,0.050,257.0
188,38.30669,-78.70983,1525.591,,8.315,0.042,270.0
189,38.30669,-78.71030,1496.063,,8.357,0.074,135.0
190,38.30625,-78.70974,1584.646,,8.431,0.053,120.3
191,38.30602,-78.70923,1607.612,,8.484,0.066,66.4
192,38.30625,-78.70854,1617.454,,8.550,0.062,52.4
193,38.30659,-78.70798,1637.139,,8.611,0.040,48.8
194,38.30683,-78.70764,1624.016,,8.651,0.069,180.0
195,38.30622,-78.70764,1669.948,,8.720,0.067,211.0
196,38.30571,-78.70802,1709.318,,8.787,0.075,216.9
197,38.30517,-78.70854,1729.003,,8.863,0.087,217.9
198,38.30456,-78.70914,1771.654,,8.949,0.050,206.6
199,38.30416,-78.70940,1771.654,,8.999,0.062,86.4
200,38.30419,-78.70871,1814.304,,9.061,0.037,24.0
201,38.30449,-78.70854,1814.304,,9.098,0.048,80.5
202,38.30456,-78.70802,1863.517,,9.146,0.059,206.6
203,38.30409,-78.70832,1873.360,,9.205,0.037,204.0
204,38.30378,-78.70850,1876.640,,9.242,0.064,225.0
205,38.30338,-78.70901,1876.640,,9.306,0.036,212.0
206,38.30311,-78.70923,1899.606,,9.342,0.041,213.7
207,38.30280,-78.70948,1922.572,,9.383,0.050,198.4
208,38.30240,-78.70965,1978.346,,9.433,0.054,204.8
209,38.30196,-78.70991,1998.031,,9.487,0.036,198.4
210,38.30165,-78.71004,2020.997,,9.524,0.034,173.7
211,38.30135,-78.71000,2027.559,,9.558,0.034,180.0
212,38.30105,-78.71000,2037.402,,9.592,0.039,150.9
213,38.30074,-78.70978,2057.087,,9.631,0.035,180.0
214,38.30044,-78.70978,2083.333,,9.666,0.033,200.6
215,38.30017,-78.70991,2103.018,,9.698,0.047,194.0
216,38.29976,-78.71004,2119.423,,9.745,0.035,192.5
217,38.29946,-78.71013,2135.827,,9.780,0.048,211.0
218,38.29912,-78.71038,2198.163,,9.828,0.032,215.5
219,38.29888,-78.71060,2198.163,,9.860,0.054,216.0
220,38.29851,-78.71094,2253.937,,9.914,0.059,225.0
221,38.29814,-78.71141,2224.409,,9.973,0.041,213.7
222,38.29783,-78.71167,2204.724,,10.014,0.034,206.6
223,38.29756,-78.71184,2221.129,,10.048,0.032,194.0
224,38.29729,-78.71193,2244.094,,10.079,0.039,180.0
225,38.29695,-78.71193,2273.622,,10.118,0.041,213.7
226,38.29665,-78.71219,2296.588,,10.159,0.037,212.0
227,38.29638,-78.71240,2263.780,,10.196,0.041,201.8
228,38.29604,-78.71257,2276.903,,10.237,0.060,176.4
229,38.29550,-78.71253,2263.780,,10.297,0.038,185.7
230,38.29516,-78.71257,2250.656,,10.335,0.035,173.7
231,38.29486,-78.71253,2227.690,,10.370,0.034,153.4
232,38.29459,-78.71236,2240.814,,10.403,0.044,135.0
233,38.29432,-78.71201,2273.622,,10.447,0.051,122.5
234,38.29408,-78.71154,2319.554,,10.498,0.054,140.7
235,38.29371,-78.71116,2339.239,,10.552,0.040,163.3
236,38.29337,-78.71103,2365.486,,10.592,0.037,212.0
237,38.29310,-78.71124,2395.013,,10.628,0.048,235.0
238,38.29286,-78.71167,2444.226,,10.677,0.061,235.3
239,38.29256,-78.71223,2486.877,,10.737,0.071,244.8
240,38.29229,-78.71296,2519.685,,10.809,0.036,243.4
241,38.29215,-78.71330,2565.617,,10.845,0.040,240.9
242,38.29198,-78.71369,2536.089,,10.885,0.062,248.2
243,38.29178,-78.71433,2575.459,,10.946,0.036,251.6
244,38.29168,-78.71472,2578.740,,10.982,0.044,254.7
245,38.29158,-78.71519,2614.829,,11.026,0.039,240.9
246,38.29141,-78.71558,2595.144,,11.065,0.050,257.0
247,38.29131,-78.71613,2604.987,,11.116,0.042,315.0
248,38.29154,-78.71644,2539.370,,11.158,0.032,262.9
249,38.29151,-78.71678,2506.562,,11.190,0.040,318.8
250,38.29178,-78.71708,2493.438,,11.230,0.050,180.0
251,38.29134,-78.71708,2460.630,,11.280,0.062,183.6
252,38.29080,-78.71712,2414.698,,11.341,0.038,168.7
253,38.29046,-78.71704,2404.856,,11.380,0.037,156.0
254,38.29016,-78.71686,2414.698,,11.417,0.035,153.4
255,38.28988,-78.71669,2388.451,,11.451,0.048,149.0
256,38.28955,-78.71644,2450.787,,11.499,0.073,191.9
257,38.28890,-78.71661,2421.260,,11.573,0.053,188.7
258,38.28846,-78.71669,2362.205,,11.625,0.040,163.3
259,38.28813,-78.71656,2395.013,,11.666,0.062,132.5
260,38.28775,-78.71605,2421.260,,11.727,0.086,138.6
261,38.28718,-78.71541,2391.732,,11.813,0.044,160.0
262,38.28681,-78.71523,2395.013,,11.857,0.052,149.7
263,38.28640,-78.71493,2408.136,,11.909,0.057,143.1
264,38.28599,-78.71455,2388.451,,11.966,0.039,126.9
265,38.28579,-78.71420,2358.924,,12.004,0.047,118.6
266,38.28559,-78.71373,2378.609,,12.052,0.064,86.6
267,38.28562,-78.71300,2385.171,,12.116,0.060,108.4
268,38.28545,-78.71236,2358.924,,12.176,0.078,129.1
269,38.28501,-78.71167,2332.677,,12.253,0.051,141.3
270,38.28468,-78.71133,2388.451,,12.304,0.062,166.0
271,38.28413,-78.71116,2395.013,,12.366,0.095,198.4
272,38.28332,-78.71150,2417.979,,12.462,0.034,206.6
273,38.28305,-78.71167,2401.575,,12.496,0.044,195.3
274,38.28268,-78.71180,2440.945,,12.540,0.031,187.1
275,38.28241,-78.71184,2454.068,,12.571,0.040,201.8
276,38.28207,-78.71201,2454.068,,12.611,0.051,184.4
277,38.28163,-78.71206,2503.281,,12.662,0.056,199.7
278,38.28116,-78.71227,2503.281,,12.718,0.042,196.7
279,38.28082,-78.71240,2552.493,,12.760,0.059,230.2
280,38.28048,-78.71292,2565.617,,12.819,0.041,213.7
281,38.28018,-78.71317,2572.178,,12.860,0.051,222.0
282,38.27984,-78.71356,2572.178,,12.910,0.042,243.4
283,38.27967,-78.71399,2568.898,,12.952,0.042,225.0
284,38.27940,-78.71433,2565.617,,12.995,0.067,227.3
285,38.27899,-78.71489,2582.021,,13.061,0.037,246.0
286,38.27886,-78.71528,2601.706,,13.099,0.043,232.1
287,38.27862,-78.71566,2578.740,,13.142,0.084,248.2
288,38.27835,-78.71652,2654.199,,13.226,0.032,262.9
289,38.27832,-78.71686,2690.289,,13.258,0.037,251.6
290,38.27821,-78.71725,2719.816,,13.295,0.030,262.9
291,38.27818,-78.71759,2723.097,,13.325,0.053,159.0
292,38.27774,-78.71738,2742.782,,13.378,0.047,194.0
293,38.27733,-78.71751,2726.378,,13.425,0.044,217.9
294,38.27703,-78.71781,2762.467,,13.469,0.057,199.7
295,38.27656,-78.71802,2729.659,,13.526,0.043,217.9
296,38.27625,-78.71832,2706.693,,13.569,0.046,180.0
297,38.27585,-78.71832,2729.659,,13.615,0.038,174.3
298,38.27551,-78.71828,2739.501,,13.652,0.042,169.7
299,38.27514,-78.71819,2752.625,,13.695,0.047,194.0
300,38.27473,-78.71832,2778.871,,13.742,0.042,228.8
301,38.27449,-78.71867,2732.940,,13.784,0.035,238.0
302,38.27432,-78.71901,2739.501,,13.820,0.049,212.5
303,38.27395,-78.71931,2736.220,,13.869,0.038,216.9
304,38.27368,-78.71957,2716.535,,13.907,0.058,216.9
305,38.27328,-78.71995,2670.604,,13.965,0.035,192.5
306,38.27297,-78.72004,2667.323,,13.999,0.060,198.4
307,38.27246,-78.72025,2687.008,,14.059,0.048,198.4
308,38.27206,-78.72043,2709.974,,14.107,0.043,217.9
309,38.27175,-78.72073,2713.255,,14.150,0.036,238.0
310,38.27158,-78.72107,2739.501,,14.186,0.067,227.3
311,38.27118,-78.72163,2762.467,,14.253,0.037,225.0
312,38.27094,-78.72193,2759.186,,14.290,0.041,236.3
313,38.27074,-78.72231,2765.748,,14.331,0.062,256.0
314,38.27060,-78.72300,2785.433,,14.393,0.044,250.0
315,38.27047,-78.72347,2785.433,,14.437,0.038,233.1
316,38.27026,-78.72382,2775.591,,14.475,0.037,204.0
317,38.26996,-78.72399,2755.906,,14.512,0.056,213.7
318,38.26955,-78.72433,2709.974,,14.568,0.060,180.0
319,38.26901,-78.72433,2693.570,,14.628,0.046,200.0
320,38.26864,-78.72450,2647.638,,14.674,0.043,195.3
321,38.26827,-78.72463,2644.357,,14.717,0.046,194.0
322,38.26786,-78.72476,2637.795,,14.764,0.049,184.4
323,38.26742,-78.72480,2621.391,,14.813,0.054,146.3
324,38.26702,-78.72446,2621.391,,14.867,0.051,153.4
325,38.26661,-78.72420,2601.706,,14.918,0.042,153.4
326,38.26627,-78.72399,2604.987,,14.960,0.030,180.0
327,38.26600,-78.72399,2595.144,,14.990,0.067,166.8
328,38.26543,-78.72382,2634.514,,15.057,0.040,196.7
329,38.26509,-78.72395,2604.987,,15.097,0.067,206.6
330,38.26455,-78.72429,2614.829,,15.164,0.042,190.3
331,38.26417,-78.72437,2614.829,,15.206,0.038,180.0
332,38.26384,-78.72437,2611.549,,15.244,0.046,170.5
333,38.26343,-78.72429,2598.425,,15.290,0.042,169.7
334,38.26306,-78.72420,2585.302,,15.332,0.034,173.7
335,38.26275,-78.72416,2585.302,,15.366,0.061,176.4
336,38.26221,-78.72412,2604.987,,15.426,0.035,167.5
337,38.26191,-78.72403,2604.987,,15.461,0.061,169.4
338,38.26137,-78.72390,2621.391,,15.522,0.075,180.0
339,38.26076,-78.72390,2729.659,,15.598,0.057,160.3
340,38.26028,-78.72369,2762.467,,15.654,0.053,162.9
341,38.25984,-78.72352,2805.118,,15.707,0.054,135.0
342,38.25950,-78.72309,2778.871,,15.761,0.035,153.4
343,38.25923,-78.72292,2742.782,,15.796,0.060,206.6
344,38.25876,-78.72322,2785.433,,15.856,0.087,214.4
345,38.25812,-78.72377,2805.118,,15.943,0.042,169.7
346,38.25775,-78.72369,2811.680,,15.985,0.050,175.6
347,38.25731,-78.72364,2785.433,,16.035,0.050,155.6
348,38.25693,-78.72343,2854.331,,16.085,0.060,124.7
349,38.25663,-78.72287,2821.522,,16.145,0.046,145.0
350,38.25629,-78.72257,2805.118,,16.191,0.044,160.0
351,38.25592,-78.72240,2785.433,,16.235,0.050,175.6
352,38.25548,-78.72236,2818.241,,16.285,0.054,155.2
353,38.25504,-78.72210,2801.837,,16.339,0.049,141.3
354,38.25470,-78.72176,2775.591,,16.388,0.057,143.1
355,38.25429,-78.72137,2755.906,,16.445,0.057,137.7
356,38.25392,-78.72094,2713.255,,16.502,0.034,153.4
357,38.25365,-78.72077,2696.850,,16.536,0.069,135.0
358,38.25321,-78.72021,2706.693,,16.605,0.057,132.3
359,38.25287,-78.71974,2739.501,,16.662,0.061,97.1
360,38.25280,-78.71905,2746.063,,16.723,0.037,166.0
361,38.25253,-78.71897,2680.446,,16.759,0.069,130.6
362,38.25213,-78.71837,2664.042,,16.829,0.049,112.6
363,38.25196,-78.71785,2660.761,,16.878,0.046,99.5
364,38.25189,-78.71734,2660.761,,16.923,0.067,141.8
365,38.25142,-78.71686,2670.604,,16.990,0.049,81.3
366,38.25148,-78.71631,2680.446,,17.040,0.050,103.0
367,38.25138,-78.71575,2687.008,,17.090,0.054,114.8
368,38.25118,-78.71519,2667.323,,17.144,0.053,149.7
369,38.25077,-78.71489,2637.795,,17.197,0.070,130.6
370,38.25037,-78.71429,2657.480,,17.267,0.067,141.8
371,38.24989,-78.71382,2664.042,,17.334,0.081,131.2
372,38.24942,-78.71313,2627.953,,17.414,0.052,126.0
373,38.24915,-78.71266,2650.919,,17.466,0.066,121.0
374,38.24884,-78.71201,2673.885,,17.532,0.044,95.2
375,38.24881,-78.71154,2719.816,,17.576,0.083,129.5
376,38.24834,-78.71081,2746.063,,17.659,0.061,158.2
377,38.24783,-78.71056,2732.940,,17.720,0.053,120.3
378,38.24759,-78.71004,2769.029,,17.773,0.088,129.8
379,38.24709,-78.70927,2769.029,,17.861,0.089,126.4
380,38.24661,-78.70845,2788.714,,17.950,0.097,115.6
381,38.24624,-78.70747,2841.207,,18.047,0.057,113.2
382,38.24604,-78.70687,2851.050,,18.104,0.056,132.3
383,38.24570,-78.70639,2851.050,,18.160,0.069,45.0
384,38.24614,-78.70584,2831.365,,18.229,0.067,73.6
385,38.24631,-78.70511,2834.646,,18.296,0.067,106.4
386,38.24614,-78.70438,2805.118,,18.363,0.069,102.5
387,38.24600,-78.70360,2805.118,,18.432,0.072,96.0
388,38.24593,-78.70279,2791.995,,18.504,0.107,98.1
389,38.24580,-78.70159,2759.186,,18.611,0.070,105.5
390,38.24563,-78.70081,2759.186,,18.681,0.064,83.3
391,38.24570,-78.70008,2769.029,,18.746,0.089,77.7
392,38.24587,-78.69910,2805.118,,18.835,0.118,75.1
393,38.24614,-78.69781,2870.735,,18.953,0.087,72.3
394,38.24637,-78.69687,2851.050,,19.040,0.081,62.2
395,38.24671,-78.69605,2854.331,,19.121,0.079,64.7
396,38.24702,-78.69524,2874.016,,19.200,0.084,57.7
397,38.24742,-78.69442,2883.858,,19.284,0.067,51.8
398,38.24780,-78.69382,2870.735,,19.351,0.064,49.8
399,38.24817,-78.69326,2860.892,,19.415,0.052,69.0
400,38.24834,-78.69270,2870.735,,19.468,0.045,48.4
401,38.24861,-78.69232,2860.892,,19.513,0.068,70.6
402,38.24881,-78.69159,2867.454,,19.581,0.081,76.6
403,38.24898,-78.69069,2874.016,,19.662,0.074,75.3
404,38.24915,-78.68987,2870.735,,19.736,0.059,63.4
405,38.24939,-78.68927,2851.050,,19.795,0.061,60.3
406,38.24966,-78.68867,2854.331,,19.855,0.063,57.3
407,38.24996,-78.68807,2851.050,,19.918,0.073,34.5
408,38.25050,-78.68760,2857.612,,19.991,0.059,26.6
409,38.25098,-78.68730,2857.612,,20.050,0.074,30.5
410,38.25155,-78.68687,2854.331,,20.124,0.063,25.0
411,38.25206,-78.68657,2831.365,,20.186,0.086,37.9
412,38.25267,-78.68597,2834.646,,20.272,0.094,53.1
413,38.25318,-78.68511,2824.803,,20.366,0.098,43.5
414,38.25382,-78.68433,2841.207,,20.464,0.128,49.8
415,38.25456,-78.68322,2847.769,,20.592,0.117,39.8
416,38.25538,-78.68236,2860.892,,20.710,0.065,72.6
417,38.25555,-78.68167,2906.824,,20.774,0.094,73.7
418,38.25578,-78.68064,2919.948,,20.868,0.059,75.1
419,38.25592,-78.68000,2896.982,,20.927,0.090,90.0
420,38.25592,-78.67897,2903.543,,21.017,0.107,96.1
421,38.25582,-78.67777,2956.037,,21.124,0.143,102.2
422,38.25555,-78.67618,2916.667,,21.267,0.096,120.6
423,38.25511,-78.67524,2896.982,,21.363,0.114,124.2
424,38.25453,-78.67416,2910.105,,21.477,0.093,121.8
425,38.25409,-78.67326,2900.262,,21.570,0.080,127.4
426,38.25365,-78.67253,2887.139,,21.650,0.042,90.0
427,38.25365,-78.67206,2870.735,,21.692,0.057,82.4
428,38.25372,-78.67142,2890.420,,21.749,0.066,66.4
429,38.25396,-78.67073,2874.016,,21.815,0.059,63.4
430,38.25419,-78.67013,2883.858,,21.873,0.096,48.2
431,38.25477,-78.66931,2870.735,,21.969,0.086,41.4
432,38.25534,-78.66867,2844.488,,22.055,0.084,54.2
433,38.25578,-78.66790,2867.454,,22.139,0.045,48.4
434,38.25605,-78.66751,2860.892,,22.184,0.063,57.3
435,38.25636,-78.66691,2847.769,,22.246,0.072,71.6
436,38.25656,-78.66614,2883.858,,22.319,0.096,64.4
437,38.25693,-78.66515,2877.297,,22.414,0.072,62.1
438,38.25724,-78.66442,2877.297,,22.487,0.078,50.9
439,38.25768,-78.66374,2860.892,,22.564,0.094,36.9
440,38.25835,-78.66309,2857.612,,22.658,0.084,32.3
441,38.25900,-78.66258,2857.612,,22.743,0.094,36.9
442,38.25967,-78.66193,2870.735,,22.837,0.065,20.6
443,38.26022,-78.66168,2837.927,,22.901,0.088,20.0
444,38.26096,-78.66133,2857.612,,22.990,0.112,13.6
445,38.26194,-78.66103,2831.365,,23.102,0.131,11.6
446,38.26309,-78.66073,2883.858,,23.233,0.089,14.6
447,38.26387,-78.66047,2877.297,,23.323,0.077,22.8
448,38.26451,-78.66013,2887.139,,23.400,0.083,30.1
449,38.26516,-78.65966,2867.454,,23.483,0.049,0.0
450,38.26560,-78.65966,2874.016,,23.532,0.061,349.4
451,38.26614,-78.65979,2893.701,,23.593,0.073,332.1
452,38.26671,-78.66017,2857.612,,23.666,0.105,334.4
453,38.26756,-78.66069,2814.961,,23.771,0.075,0.0
454,38.26823,-78.66069,2811.680,,23.846,0.095,6.8
455,38.26908,-78.66056,2824.803,,23.941,0.083,7.8
456,38.26982,-78.66043,2811.680,,24.024,0.079,0.0
457,38.27053,-78.66043,2785.433,,24.104,0.068,326.3
458,38.27104,-78.66086,2755.906,,24.172,0.098,292.6
459,38.27138,-78.66189,2719.816,,24.270,0.081,289.3
460,38.27162,-78.66275,2673.885,,24.351,0.114,323.1
461,38.27243,-78.66352,2627.953,,24.464,0.099,335.4
462,38.27324,-78.66399,2650.919,,24.564,0.104,329.7
463,38.27405,-78.66459,2637.795,,24.668,0.086,339.1
464,38.27476,-78.66494,2687.008,,24.754,0.096,329.4
465,38.27551,-78.66549,2670.604,,24.850,0.090,303.0
466,38.27595,-78.66635,2693.570,,24.940,0.076,306.9
467,38.27635,-78.66704,2739.501,,25.016,0.067,336.4
468,38.27690,-78.66734,2693.570,,25.083,0.080,45.0
469,38.27737,-78.66674,2791.995,,25.164,0.098,62.4
470,38.27777,-78.66575,2837.927,,25.262,0.091,27.6
471,38.27849,-78.66528,2778.871,,25.353,0.066,28.1
472,38.27899,-78.66494,2834.646,,25.419,0.066,59.0
473,38.27930,-78.66429,2860.892,,25.485,0.085,45.0
474,38.27984,-78.66361,2851.050,,25.570,0.085,26.6
475,38.28051,-78.66318,2814.961,,25.655,0.071,25.2
476,38.28109,-78.66283,2805.118,,25.725,0.073,72.6
477,38.28126,-78.66215,2926.509,,25.798,0.099,79.1
478,38.28143,-78.66103,2916.667,,25.898,0.093,43.4
479,38.28204,-78.66030,2893.701,,25.991,0.080,19.3
480,38.28271,-78.66000,2903.543,,26.071,0.099,6.6
481,38.28359,-78.65987,2877.297,,26.169,0.092,19.2
482,38.28437,-78.65953,2844.488,,26.261,0.114,352.4
483,38.28539,-78.65970,2828.084,,26.375,0.085,324.2
484,38.28599,-78.66026,2778.871,,26.460,0.067,346.8
485,38.28657,-78.66043,2821.522,,26.527,0.064,0.0
486,38.28714,-78.66043,2834.646,,26.591,0.090,33.0
487,38.28782,-78.65987,2821.522,,26.680,0.107,27.5
488,38.28867,-78.65931,2775.591,,26.787,0.082,33.7
489,38.28928,-78.65880,2808.399,,26.869,0.074,30.5
490,38.28985,-78.65837,2795.276,,26.943,0.069,45.0
491,38.29029,-78.65781,2782.152,,27.012,0.059,26.6
492,38.29076,-78.65751,2798.556,,27.071,0.063,335.0
493,38.29127,-78.65781,2755.906,,27.134,0.077,330.9
494,38.29188,-78.65824,2752.625,,27.212,0.062,352.9
495,38.29242,-78.65833,2788.714,,27.273,0.000,0.0
1,38.44706,-78.46993,,,0.000,0.019,191.3
2,38.44689,-78.46998,,,0.019,0.019,191.3
3,38.44672,-78.47002,,,0.038,0.019,191.3
4,38.44655,-78.47006,,,0.057,0.017,153.4
5,38.44642,-78.46998,,,0.074,0.024,38.7
6,38.44658,-78.46980,,,0.098,0.015,90.0
7,38.44658,-78.46963,,,0.113,0.025,63.4
8,38.44669,-78.46937,,,0.138,0.022,59.0
9,38.44679,-78.46916,,,0.160,0.022,31.0
10,38.44696,-78.46903,,,0.182,0.022,31.0
11,38.44712,-78.46890,,,0.204,0.021,45.0
12,38.44726,-78.46873,,,0.225,0.024,18.4
13,38.44746,-78.46865,,,0.249,0.021,45.0
14,38.44760,-78.46847,,,0.270,0.029,50.2
15,38.44777,-78.46822,,,0.299,0.019,126.9
16,38.44766,-78.46804,,,0.318,0.017,153.4
17,38.44753,-78.46796,,,0.335,0.017,153.4
18,38.44739,-78.46787,,,0.351,0.019,168.7
19,38.44723,-78.46783,,,0.370,0.017,153.4
20,38.44709,-78.46774,,,0.387,0.019,168.7
21,38.44692,-78.46770,,,0.406,0.017,153.4
22,38.44679,-78.46762,,,0.423,0.016,135.0
23,38.44669,-78.46749,,,0.439,0.016,135.0
24,38.44658,-78.46736,,,0.455,0.017,116.6
25,38.44652,-78.46719,,,0.472,0.016,135.0
26,38.44642,-78.46706,,,0.487,0.019,143.1
27,38.44628,-78.46693,,,0.506,0.017,153.4
28,38.44615,-78.46684,,,0.523,0.024,18.4
29,38.44635,-78.46676,,,0.547,0.024,341.6
30,38.44655,-78.46684,,,0.570,0.022,301.0
31,38.44665,-78.46706,,,0.592,0.022,0.0
32,38.44685,-78.46706,,,0.615,0.023,99.5
33,38.44682,-78.46680,,,0.637,0.016,135.0
34,38.44672,-78.46667,,,0.653,0.015,180.0
35,38.44658,-78.46667,,,0.668,0.019,101.3
36,38.44655,-78.46646,,,0.687,0.016,135.0
37,38.44645,-78.46633,,,0.703,0.022,149.0
38,38.44628,-78.46620,,,0.725,0.017,116.6
39,38.44621,-78.46603,,,0.742,0.022,121.0
40,38.44611,-78.46581,,,0.764,0.017,116.6
41,38.44604,-78.46564,,,0.780,0.022,90.0
42,38.44604,-78.46538,,,0.803,0.022,90.0
43,38.44604,-78.46513,,,0.825,0.023,80.5
44,38.44608,-78.46487,,,0.848,0.024,71.6
45,38.44615,-78.46461,,,0.872,0.021,45.0
46,38.44628,-78.46444,,,0.893,0.015,0.0
47,38.44642,-78.46444,,,0.908,0.021,315.0
48,38.44655,-78.46461,,,0.929,0.023,279.5
49,38.44658,-78.46487,,,0.952,0.022,270.0
50,38.44658,-78.46513,,,0.975,0.026,278.1
51,38.44662,-78.46543,,,1.001,0.019,270.0
52,38.44662,-78.46564,,,1.020,0.027,285.9
53,38.44669,-78.46594,,,1.047,0.021,315.0
54,38.44682,-78.46611,,,1.068,0.021,315.0
55,38.44696,-78.46629,,,1.089,0.022,329.0
56,38.44712,-78.46641,,,1.111,0.015,0.0
57,38.44726,-78.46641,,,1.126,0.015,0.0
58,38.44739,-78.46641,,,1.141,0.026,0.0
59,38.44763,-78.46641,,,1.167,0.024,18.4
60,38.44783,-78.46633,,,1.191,0.021,45.0
61,38.44797,-78.46616,,,1.212,0.015,0.0
62,38.44810,-78.46616,,,1.227,0.015,0.0
63,38.44824,-78.46616,,,1.242,0.015,0.0
64,38.44837,-78.46616,,,1.257,0.026,351.9
65,38.44861,-78.46620,,,1.284,0.022,329.0
66,38.44878,-78.46633,,,1.306,0.024,341.6
67,38.44898,-78.46641,,,1.329,0.015,0.0
68,38.44912,-78.46641,,,1.344,0.024,341.6
69,38.44932,-78.46650,,,1.368,0.015,0.0
70,38.44945,-78.46650,,,1.383,0.015,0.0
71,38.44959,-78.46650,,,1.398,0.026,351.9
72,38.44982,-78.46654,,,1.425,0.015,0.0
73,38.44996,-78.46654,,,1.439,0.015,0.0
74,38.45009,-78.46654,,,1.454,0.015,0.0
75,38.45023,-78.46654,,,1.469,0.015,0.0
76,38.45036,-78.46654,,,1.484,0.015,0.0
77,38.45050,-78.46654,,,1.499,0.015,14.0
78,38.45063,-78.46650,,,1.515,0.022,31.0
79,38.45080,-78.46637,,,1.537,0.022,31.0
80,38.45097,-78.46624,,,1.559,0.022,31.0
81,38.45114,-78.46611,,,1.580,0.024,18.4
82,38.45134,-78.46603,,,1.604,0.019,11.3
83,38.45151,-78.46598,,,1.623,0.015,14.0
84,38.45165,-78.46594,,,1.639,0.034,6.3
85,38.45195,-78.46590,,,1.673,0.024,38.7
86,38.45212,-78.46573,,,1.697,0.022,31.0
87,38.45229,-78.46560,,,1.718,0.021,45.0
88,38.45242,-78.46543,,,1.740,0.021,45.0
89,38.45256,-78.46526,,,1.761,0.022,59.0
90,38.45266,-78.46504,,,1.783,0.016,45.0
91,38.45276,-78.46491,,,1.799,0.022,59.0
92,38.45286,-78.46470,,,1.820,0.022,31.0
93,38.45303,-78.46457,,,1.842,0.027,33.7
94,38.45323,-78.46440,,,1.869,0.022,31.0
95,38.45340,-78.46427,,,1.891,0.022,31.0
96,38.45357,-78.46414,,,1.913,0.025,26.6
97,38.45377,-78.46401,,,1.938,0.027,15.9
98,38.45401,-78.46392,,,1.965,0.024,18.4
99,38.45421,-78.46384,,,1.989,0.026,8.1
100,38.45445,-78.46380,,,2.015,0.024,18.4
101,38.45465,-78.46371,,,2.039,0.020,21.8
102,38.45482,-78.46362,,,2.059,0.027,15.9
103,38.45506,-78.46354,,,2.087,0.022,31.0
104,38.45522,-78.46341,,,2.108,0.024,18.4
105,38.45543,-78.46332,,,2.132,0.022,31.0
106,38.45560,-78.46320,,,2.154,0.015,14.0
107,38.45573,-78.46315,,,2.169,0.024,18.4
108,38.45593,-78.46307,,,2.193,0.024,18.4
109,38.45614,-78.46298,,,2.217,0.024,18.4
110,38.45634,-78.46289,,,2.241,0.025,26.6
111,38.45654,-78.46277,,,2.266,0.026,8.1
112,38.45678,-78.46272,,,2.292,0.024,18.4
113,38.45698,-78.46264,,,2.316,0.026,8.1
114,38.45721,-78.46259,,,2.342,0.019,0.0
115,38.45738,-78.46259,,,2.361,0.024,18.4
116,38.45759,-78.46251,,,2.385,0.026,8.1
117,38.45782,-78.46247,,,2.411,0.022,31.0
118,38.45799,-78.46234,,,2.433,0.017,26.6
119,38.45813,-78.46225,,,2.450,0.024,18.4
120,38.45833,-78.46217,,,2.473,0.026,8.1
121,38.45856,-78.46212,,,2.500,0.030,0.0
122,38.45883,-78.46212,,,2.530,0.030,0.0
123,38.45910,-78.46212,,,2.560,0.026,8.1
124,38.45934,-78.46208,,,2.586,0.024,18.4
125,38.45954,-78.46199,,,2.610,0.026,8.1
126,38.45978,-78.46195,,,2.637,0.025,26.6
127,38.45998,-78.46182,,,2.662,0.024,18.4
128,38.46018,-78.46174,,,2.685,0.021,45.0
129,38.46032,-78.46156,,,2.707,0.026,8.1
130,38.46056,-78.46152,,,2.733,0.024,18.4
131,38.46076,-78.46144,,,2.757,0.029,23.2
132,38.46099,-78.46131,,,2.785,0.024,38.7
133,38.46116,-78.46114,,,2.809,0.015,14.0
134,38.46130,-78.46109,,,2.825,0.025,26.6
135,38.46150,-78.46096,,,2.850,0.025,26.6
136,38.46170,-78.46083,,,2.875,0.022,31.0
137,38.46187,-78.46071,,,2.897,0.024,18.4
138,38.46207,-78.46062,,,2.920,0.022,31.0
139,38.46224,-78.46049,,,2.942,0.022,31.0
140,38.46241,-78.46036,,,2.964,0.022,31.0
141,38.46258,-78.46023,,,2.986,0.024,38.7
142,38.46275,-78.46006,,,3.010,0.022,31.0
143,38.46292,-78.45993,,,3.032,0.025,63.4
144,38.46302,-78.45968,,,3.057,0.022,59.0
145,38.46312,-78.45946,,,3.079,0.022,59.0
146,38.46322,-78.45925,,,3.101,0.023,80.5
147,38.46325,-78.45899,,,3.123,0.022,90.0
148,38.46325,-78.45873,,,3.146,0.024,71.6
149,38.46332,-78.45847,,,3.170,0.019,90.0
150,38.46332,-78.45826,,,3.188,0.020,68.2
151,38.46339,-78.45805,,,3.208,0.019,90.0
152,38.46339,-78.45783,,,3.227,0.024,51.3
153,38.46352,-78.45762,,,3.251,0.022,59.0
154,38.46363,-78.45740,,,3.273,0.021,45.0
155,38.46376,-78.45723,,,3.294,0.022,59.0
156,38.46386,-78.45702,,,3.316,0.022,31.0
157,38.46403,-78.45689,,,3.338,0.021,45.0
158,38.46417,-78.45671,,,3.359,0.022,31.0
159,38.46433,-78.45659,,,3.381,0.024,18.4
160,38.46454,-78.45650,,,3.405,0.024,18.4
161,38.46474,-78.45641,,,3.428,0.024,18.4
162,38.46494,-78.45633,,,3.452,0.026,8.1
163,38.46518,-78.45629,,,3.478,0.024,341.6
164,38.46538,-78.45637,,,3.502,0.022,329.0
165,38.46555,-78.45650,,,3.524,0.022,329.0
166,38.46572,-78.45663,,,3.546,0.024,341.6
167,38.46592,-78.45671,,,3.570,0.022,329.0
168,38.46609,-78.45684,,,3.591,0.021,315.0
169,38.46622,-78.45702,,,3.613,0.024,341.6
170,38.46643,-78.45710,,,3.636,0.024,341.6
171,38.46663,-78.45719,,,3.660,0.026,351.9
172,38.46687,-78.45723,,,3.686,0.024,341.6
173,38.46707,-78.45732,,,3.710,0.026,351.9
174,38.46730,-78.45736,,,3.737,0.026,351.9
175,38.46754,-78.45740,,,3.763,0.030,0.0
176,38.46781,-78.45740,,,3.793,0.030,0.0
177,38.46808,-78.45740,,,3.823,0.019,168.7
178,38.46791,-78.45736,,,3.842,0.023,170.5
179,38.46771,-78.45732,,,3.865,0.017,153.4
180,38.46757,-78.45723,,,3.882,0.019,168.7
181,38.46741,-78.45719,,,3.901,0.020,158.2
182,38.46724,-78.45710,,,3.921,0.017,153.4
183,38.46710,-78.45702,,,3.938,0.019,168.7
184,38.46693,-78.45697,,,3.957,0.024,38.7
185,38.46710,-78.45680,,,3.981,0.030,0.0
186,38.46737,-78.45680,,,4.011,0.030,0.0
187,38.46764,-78.45680,,,4.041,0.022,31.0
188,38.46781,-78.45667,,,4.062,0.022,31.0
189,38.46798,-78.45654,,,4.084,0.021,45.0
190,38.46811,-78.45637,,,4.106,0.021,45.0
191,38.46825,-78.45620,,,4.127,0.021,45.0
192,38.46838,-78.45603,,,4.148,0.024,51.3
193,38.46852,-78.45581,,,4.172,0.027,56.3
194,38.46865,-78.45556,,,4.199,0.021,45.0
195,38.46879,-78.45538,,,4.220,0.021,45.0
196,38.46892,-78.45521,,,4.241,0.022,59.0
197,38.46902,-78.45500,,,4.263,0.022,149.0
198,38.46886,-78.45487,,,4.285,0.017,153.4
199,38.46872,-78.45478,,,4.302,0.019,168.7
200,38.46855,-78.45474,,,4.321,0.019,191.3
201,38.46838,-78.45478,,,4.340,0.017,243.4
202,38.46832,-78.45496,,,4.357,0.019,191.3
203,38.46815,-78.45500,,,4.376,0.022,180.0
204,38.46794,-78.45500,,,4.398,0.022,180.0
205,38.46774,-78.45500,,,4.421,0.019,191.3
206,38.46757,-78.45504,,,4.440,0.023,80.5
207,38.46761,-78.45478,,,4.463,0.024,18.4
208,38.46781,-78.45470,,,4.486,0.022,31.0
209,38.46798,-78.45457,,,4.508,0.024,18.4
210,38.46818,-78.45448,,,4.532,0.024,38.7
211,38.46835,-78.45431,,,4.556,0.024,18.4
212,38.46855,-78.45423,,,4.579,0.022,59.0
213,38.46865,-78.45401,,,4.601,0.022,59.0
214,38.46875,-78.45380,,,4.623,0.022,31.0
215,38.46892,-78.45367,,,4.645,0.024,18.4
216,38.46913,-78.45358,,,4.669,0.022,31.0
217,38.46929,-78.45345,,,4.690,0.022,31.0
218,38.46946,-78.45332,,,4.712,0.025,26.6
219,38.46967,-78.45320,,,4.737,0.021,45.0
220,38.46980,-78.45302,,,4.759,0.019,53.1
221,38.46990,-78.45285,,,4.777,0.022,59.0
222,38.47000,-78.45264,,,4.799,0.022,90.0
223,38.47000,-78.45238,,,4.822,0.017,116.6
224,38.46994,-78.45221,,,4.838,0.016,135.0
225,38.46983,-78.45208,,,4.854,0.019,126.9
226,38.46973,-78.45191,,,4.873,0.016,135.0
227,38.46963,-78.45178,,,4.889,0.016,135.0
228,38.46953,-78.45165,,,4.905,0.016,135.0
229,38.46943,-78.45152,,,4.921,0.016,135.0
230,38.46933,-78.45139,,,4.937,0.017,116.6
231,38.46926,-78.45122,,,4.953,0.016,135.0
232,38.46916,-78.45109,,,4.969,0.016,135.0
233,38.46906,-78.45096,,,4.985,0.016,135.0
234,38.46896,-78.45084,,,5.001,0.017,116.6
235,38.46889,-78.45066,,,5.018,0.017,116.6
236,38.46882,-78.45049,,,5.034,0.019,101.3
237,38.46879,-78.45028,,,5.054,0.017,116.6
238,38.46872,-78.45011,,,5.070,0.019,101.3
239,38.46869,-78.44989,,,5.089,0.023,80.5
240,38.46872,-78.44963,,,5.112,0.024,71.6
241,38.46879,-78.44938,,,5.136,0.024,51.3
242,38.46892,-78.44916,,,5.160,0.022,31.0
243,38.46909,-78.44903,,,5.182,0.021,45.0
244,38.46923,-78.44886,,,5.203,0.022,31.0
245,38.46940,-78.44873,,,5.225,0.020,68.2
246,38.46946,-78.44852,,,5.245,0.019,90.0
247,38.46946,-78.44830,,,5.264,0.017,116.6
248,38.46940,-78.44813,,,5.280,0.016,135.0
249,38.46929,-78.44800,,,5.296,0.016,135.0
250,38.46919,-78.44787,,,5.312,0.017,153.4
251,38.46906,-78.44779,,,5.329,0.016,135.0
252,38.46896,-78.44766,,,5.345,0.016,135.0
253,38.46886,-78.44753,,,5.361,0.016,135.0
254,38.46875,-78.44740,,,5.377,0.017,116.6
255,38.46869,-78.44723,,,5.393,0.020,111.8
256,38.46862,-78.44702,,,5.413,0.022,90.0
257,38.46862,-78.44676,,,5.436,0.021,45.0
258,38.46875,-78.44659,,,5.457,0.020,68.2
259,38.46882,-78.44637,,,5.477,0.017,116.6
260,38.46875,-78.44620,,,5.494,0.021,135.0
261,38.46862,-78.44603,,,5.515,0.017,153.4
262,38.46848,-78.44594,,,5.532,0.019,168.7
263,38.46832,-78.44590,,,5.551,0.017,153.4
264,38.46818,-78.44581,,,5.568,0.017,116.6
265,38.46811,-78.44564,,,5.585,0.016,135.0
266,38.46801,-78.44551,,,5.600,0.017,116.6
267,38.46794,-78.44534,,,5.617,0.019,126.9
268,38.46784,-78.44517,,,5.636,0.019,101.3
269,38.46781,-78.44496,,,5.655,0.022,90.0
270,38.46781,-78.44470,,,5.678,0.019,101.3
271,38.46778,-78.44448,,,5.697,0.020,111.8
272,38.46771,-78.44427,,,5.717,0.019,101.3
273,38.46768,-78.44405,,,5.736,0.017,116.6
274,38.46761,-78.44388,,,5.753,0.016,135.0
275,38.46751,-78.44375,,,5.769,0.017,116.6
276,38.46744,-78.44358,,,5.785,0.023,170.5
277,38.46724,-78.44354,,,5.808,0.022,180.0
278,38.46703,-78.44354,,,5.831,0.020,201.8
279,38.46687,-78.44363,,,5.851,0.017,243.4
280,38.46680,-78.44380,,,5.867,0.022,270.0
281,38.46680,-78.44405,,,5.890,0.024,288.4
282,38.46687,-78.44431,,,5.914,0.019,233.1
283,38.46676,-78.44448,,,5.932,0.017,206.6
284,38.46663,-78.44457,,,5.949,0.019,168.7
285,38.46646,-78.44453,,,5.968,0.017,153.4
286,38.46633,-78.44444,,,5.985,0.016,135.0
287,38.46622,-78.44431,,,6.001,0.017,153.4
288,38.46609,-78.44423,,,6.018,0.017,153.4
289,38.46595,-78.44414,,,6.034,0.019,168.7
290,38.46579,-78.44410,,,6.053,0.020,158.2
291,38.46562,-78.44401,,,6.074,0.019,168.7
292,38.46545,-78.44397,,,6.093,0.016,135.0
293,38.46535,-78.44384,,,6.109,0.019,168.7
294,38.46518,-78.44380,,,6.128,0.019,168.7
295,38.46501,-78.44375,,,6.147,0.019,191.3
296,38.46484,-78.44380,,,6.166,0.022,180.0
297,38.46464,-78.44380,,,6.188,0.022,180.0
298,38.46444,-78.44380,,,6.211,0.017,116.6
299,38.46437,-78.44363,,,6.228,0.021,45.0
300,38.46450,-78.44345,,,6.249,0.022,59.0
301,38.46460,-78.44324,,,6.271,0.020,111.8
302,38.46454,-78.44302,,,6.291,0.019,143.1
303,38.46440,-78.44290,,,6.310,0.019,168.7
304,38.46423,-78.44285,,,6.329,0.022,180.0
305,38.46403,-78.44285,,,6.351,0.017,206.6
306,38.46390,-78.44294,,,6.368,0.017,206.6
307,38.46376,-78.44302,,,6.385,0.019,191.3
308,38.46359,-78.44307,,,6.404,0.019,191.3
309,38.46342,-78.44311,,,6.423,0.019,191.3
310,38.46325,-78.44315,,,6.442,0.017,153.4
311,38.46312,-78.44307,,,6.459,0.016,135.0
312,38.46302,-78.44294,,,6.475,0.024,108.4
313,38.46295,-78.44268,,,6.498,0.017,206.6
314,38.46282,-78.44277,,,6.515,0.019,216.9
315,38.46268,-78.44290,,,6.534,0.017,206.6
316,38.46255,-78.44298,,,6.550,0.019,191.3
317,38.46238,-78.44302,,,6.570,0.019,191.3
318,38.46221,-78.44307,,,6.589,0.017,153.4
319,38.46207,-78.44298,,,6.605,0.016,135.0
320,38.46197,-78.44285,,,6.621,0.019,143.1
321,38.46184,-78.44272,,,6.640,0.016,135.0
322,38.46174,-78.44260,,,6.656,0.017,153.4
323,38.46160,-78.44251,,,6.673,0.016,135.0
324,38.46150,-78.44238,,,6.689,0.019,101.3
325,38.46147,-78.44217,,,6.708,0.016,135.0
326,38.46137,-78.44204,,,6.724,0.016,135.0
327,38.46126,-78.44191,,,6.739,0.017,116.6
328,38.46120,-78.44174,,,6.756,0.017,116.6
329,38.46113,-78.44157,,,6.773,0.019,90.0
330,38.46113,-78.44135,,,6.792,0.020,68.2
331,38.46120,-78.44114,,,6.812,0.016,135.0
332,38.46110,-78.44101,,,6.828,0.019,168.7
333,38.46093,-78.44097,,,6.847,0.022,180.0
334,38.46072,-78.44097,,,6.869,0.022,180.0
335,38.46052,-78.44097,,,6.892,0.019,191.3
336,38.46035,-78.44101,,,6.911,0.019,168.7
337,38.46018,-78.44097,,,6.930,0.019,168.7
338,38.46002,-78.44092,,,6.949,0.017,153.4
339,38.45988,-78.44084,,,6.966,0.022,180.0
340,38.45968,-78.44084,,,6.988,0.019,168.7
341,38.45951,-78.44079,,,7.007,0.020,158.2
342,38.45934,-78.44071,,,7.028,0.019,168.7
343,38.45917,-78.44066,,,7.047,0.017,153.4
344,38.45904,-78.44058,,,7.063,0.020,158.2
345,38.45887,-78.44049,,,7.084,0.019,101.3
346,38.45883,-78.44028,,,7.103,0.016,135.0
347,38.45873,-78.44015,,,7.119,0.017,116.6
348,38.45867,-78.43998,,,7.135,0.016,135.0
349,38.45856,-78.43985,,,7.151,0.017,116.6
350,38.45850,-78.43968,,,7.168,0.017,116.6
351,38.45843,-78.43951,,,7.185,0.019,126.9
352,38.45833,-78.43933,,,7.203,0.019,101.3
353,38.45829,-78.43912,,,7.223,0.022,90.0
354,38.45829,-78.43886,,,7.245,0.017,116.6
355,38.45823,-78.43869,,,7.262,0.019,126.9
356,38.45813,-78.43852,,,7.280,0.019,168.7
357,38.45796,-78.43848,,,7.300,0.022,180.0
358,38.45775,-78.43848,,,7.322,0.024,218.7
359,38.45759,-78.43865,,,7.346,0.019,191.3
360,38.45742,-78.43869,,,7.365,0.020,158.2
361,38.45725,-78.43860,,,7.385,0.020,158.2
362,38.45708,-78.43852,,,7.405,0.017,116.6
363,38.45701,-78.43835,,,7.422,0.016,135.0
364,38.45691,-78.43822,,,7.438,0.022,121.0
365,38.45681,-78.43800,,,7.460,0.017,116.6
366,38.45674,-78.43783,,,7.477,0.017,116.6
367,38.45667,-78.43766,,,7.493,0.017,116.6
368,38.45661,-78.43749,,,7.510,0.019,126.9
369,38.45651,-78.43732,,,7.529,0.016,135.0
370,38.45641,-78.43719,,,7.545,0.016,135.0
371,38.45630,-78.43706,,,7.561,0.026,135.0
372,38.45614,-78.43685,,,7.587,0.019,126.9
373,38.45603,-78.43667,,,7.606,0.017,153.4
374,38.45590,-78.43659,,,7.623,0.017,153.4
375,38.45576,-78.43650,,,7.639,0.017,153.4
376,38.45563,-78.43642,,,7.656,0.017,153.4
377,38.45549,-78.43633,,,7.673,0.017,153.4
378,38.45536,-78.43624,,,7.690,0.020,158.2
379,38.45519,-78.43616,,,7.710,0.020,158.2
380,38.45502,-78.43607,,,7.730,0.017,153.4
381,38.45489,-78.43599,,,7.747,0.020,158.2
382,38.45472,-78.43590,,,7.767,0.016,135.0
383,38.45462,-78.43577,,,7.783,0.024,161.6
384,38.45441,-78.43569,,,7.807,0.017,153.4
385,38.45428,-78.43560,,,7.823,0.017,153.4
386,38.45414,-78.43551,,,7.840,0.019,78.7
387,38.45418,-78.43530,,,7.859,0.024,18.4
388,38.45438,-78.43521,,,7.883,0.021,45.0
389,38.45452,-78.43504,,,7.904,0.019,90.0
390,38.45452,-78.43483,,,7.923,0.017,153.4
391,38.45438,-78.43474,,,7.940,0.017,153.4
392,38.45425,-78.43466,,,7.956,0.019,168.7
393,38.45408,-78.43461,,,7.975,0.023,189.5
394,38.45387,-78.43466,,,7.998,0.017,206.6
395,38.45374,-78.43474,,,8.015,0.016,225.0
396,38.45364,-78.43487,,,8.031,0.019,191.3
397,38.45347,-78.43491,,,8.050,0.017,243.4
398,38.45340,-78.43509,,,8.067,0.020,201.8
399,38.45323,-78.43517,,,8.087,0.019,191.3
400,38.45306,-78.43521,,,8.106,0.017,206.6
401,38.45293,-78.43530,,,8.123,0.019,191.3
402,38.45276,-78.43534,,,8.142,0.022,180.0
403,38.45256,-78.43534,,,8.164,0.019,191.3
404,38.45239,-78.43539,,,8.183,0.017,153.4
405,38.45225,-78.43530,,,8.200,0.019,168.7
406,38.45209,-78.43526,,,8.219,0.019,168.7
407,38.45192,-78.43521,,,8.238,0.017,153.4
408,38.45178,-78.43513,,,8.255,0.019,168.7
409,38.45161,-78.43509,,,8.274,0.022,180.0
410,38.45141,-78.43509,,,8.297,0.022,180.0
411,38.45121,-78.43509,,,8.319,0.022,180.0
412,38.45101,-78.43509,,,8.342,0.022,180.0
413,38.45080,-78.43509,,,8.364,0.017,206.6
414,38.45067,-78.43517,,,8.381,0.023,170.5
415,38.45047,-78.43513,,,8.404,0.019,168.7
416,38.45030,-78.43509,,,8.423,0.019,168.7
417,38.45013,-78.43504,,,8.442,0.024,198.4
418,38.44993,-78.43513,,,8.466,0.022,180.0
419,38.44972,-78.43513,,,8.488,0.026,180.0
420,38.44949,-78.43513,,,8.514,0.019,168.7
421,38.44932,-78.43509,,,8.533,0.017,153.4
422,38.44918,-78.43500,,,8.550,0.016,135.0
423,38.44908,-78.43487,,,8.566,0.017,153.4
424,38.44895,-78.43479,,,8.583,0.019,168.7
425,38.44878,-78.43474,,,8.602,0.022,180.0
426,38.44858,-78.43474,,,8.624,0.022,180.0
427,38.44837,-78.43474,,,8.647,0.016,225.0
428,38.44827,-78.43487,,,8.663,0.016,225.0
429,38.44817,-78.43500,,,8.679,0.016,225.0
430,38.44807,-78.43513,,,8.695,0.017,206.6
431,38.44793,-78.43521,,,8.711,0.019,216.9
432,38.44780,-78.43534,,,8.730,0.019,216.9
433,38.44766,-78.43547,,,8.749,0.019,191.3
434,38.44750,-78.43551,,,8.768,0.017,206.6
435,38.44736,-78.43560,,,8.785,0.019,191.3
436,38.44719,-78.43564,,,8.804,0.017,206.6
437,38.44706,-78.43573,,,8.820,0.017,206.6
438,38.44692,-78.43582,,,8.837,0.017,206.6
439,38.44679,-78.43590,,,8.854,0.022,180.0
440,38.44658,-78.43590,,,8.876,0.022,180.0
441,38.44638,-78.43590,,,8.899,0.022,180.0
442,38.44618,-78.43590,,,8.921,0.019,191.3
443,38.44601,-78.43594,,,8.940,0.022,180.0
444,38.44581,-78.43594,,,8.963,0.019,191.3
445,38.44564,-78.43599,,,8.982,0.020,201.8
446,38.44547,-78.43607,,,9.002,0.016,225.0
447,38.44537,-78.43620,,,9.018,0.017,206.6
448,38.44523,-78.43629,,,9.035,0.016,225.0
449,38.44513,-78.43642,,,9.051,0.020,201.8
450,38.44496,-78.43650,,,9.071,0.019,191.3
451,38.44480,-78.43654,,,9.090,0.017,206.6
452,38.44466,-78.43663,,,9.107,0.020,201.8
453,38.44449,-78.43672,,,9.127,0.016,135.0
454,38.44439,-78.43659,,,9.143,0.016,135.0
455,38.44429,-78.43646,,,9.159,0.019,168.7
456,38.44412,-78.43642,,,9.178,0.016,135.0
457,38.44402,-78.43629,,,9.194,0.022,180.0
458,38.44382,-78.43629,,,9.216,0.022,180.0
459,38.44361,-78.43629,,,9.239,0.017,206.6
460,38.44348,-78.43637,,,9.255,0.022,180.0
461,38.44328,-78.43637,,,9.278,0.015,180.0
462,38.44314,-78.43637,,,9.293,0.019,168.7
463,38.44297,-78.43633,,,9.312,0.017,153.4
464,38.44284,-78.43624,,,9.329,0.020,158.2
465,38.44267,-78.43616,,,9.349,0.022,180.0
466,38.44247,-78.43616,,,9.371,0.017,153.4
467,38.44233,-78.43607,,,9.388,0.019,168.7
468,38.44216,-78.43603,,,9.407,0.016,225.0
469,38.44206,-78.43616,,,9.423,0.020,201.8
470,38.44189,-78.43624,,,9.443,0.019,191.3
471,38.44172,-78.43629,,,9.463,0.019,191.3
472,38.44156,-78.43633,,,9.482,0.019,191.3
473,38.44139,-78.43637,,,9.501,0.019,191.3
474,38.44122,-78.43642,,,9.520,0.022,180.0
475,38.44102,-78.43642,,,9.542,0.019,191.3
476,38.44085,-78.43646,,,9.561,0.023,189.5
477,38.44064,-78.43650,,,9.584,0.017,206.6
478,38.44051,-78.43659,,,9.601,0.019,191.3
479,38.44034,-78.43663,,,9.620,0.017,206.6
480,38.44021,-78.43672,,,9.637,0.019,191.3
481,38.44004,-78.43676,,,9.656,0.019,191.3
482,38.43987,-78.43680,,,9.675,0.016,135.0
483,38.43977,-78.43667,,,9.691,0.017,153.4
484,38.43963,-78.43659,,,9.708,0.016,135.0
485,38.43953,-78.43646,,,9.724,0.017,116.6
486,38.43946,-78.43629,,,9.740,0.016,135.0
487,38.43936,-78.43616,,,9.756,0.019,101.3
488,38.43933,-78.43594,,,9.775,0.017,116.6
489,38.43926,-78.43577,,,9.792,0.008,116.6
490,38.43923,-78.43569,,,9.800,0.037,126.9
491,38.43902,-78.43534,,,9.838,0.038,174.3
492,38.43869,-78.43530,,,9.876,0.032,200.6
493,38.43842,-78.43543,,,9.908,0.034,180.0
494,38.43811,-78.43543,,,9.941,0.030,180.0
495,38.43784,-78.43543,,,9.971,0.040,158.2
496,38.43751,-78.43526,,,10.012,0.051,162.9
497,38.43707,-78.43509,,,10.063,0.057,156.8
498,38.43659,-78.43483,,,10.120,0.027,123.7
499,38.43646,-78.43457,,,10.147,0.035,122.0
500,38.43629,-78.43423,,,10.182,0.042,153.4
501,38.43595,-78.43401,,,10.224,0.053,175.9
502,38.43548,-78.43397,,,10.277,0.044,211.0
503,38.43514,-78.43423,,,10.320,0.049,188.7
504,38.43470,-78.43431,,,10.370,0.029,156.8
505,38.43447,-78.43418,,,10.398,0.064,130.2
506,38.43410,-78.43363,,,10.462,0.050,132.0
507,38.43379,-78.43320,,,10.512,0.041,185.2
508,38.43342,-78.43324,,,10.554,0.035,192.5
509,38.43312,-78.43333,,,10.588,0.040,201.8
510,38.43278,-78.43350,,,10.629,0.020,201.8
511,38.43261,-78.43358,,,10.649,0.061,190.6
512,38.43207,-78.43371,,,10.710,0.053,309.3
513,38.43237,-78.43418,,,10.763,0.026,225.0
514,38.43221,-78.43440,,,10.789,0.056,199.7
515,38.43173,-78.43461,,,10.845,0.036,198.4
516,38.43143,-78.43474,,,10.881,0.055,195.9
517,38.43096,-78.43491,,,10.935,0.040,221.2
518,38.43069,-78.43521,,,10.975,0.037,233.1
519,38.43048,-78.43556,,,11.013,0.044,239.0
520,38.43028,-78.43599,,,11.056,0.014,213.7
521,38.43018,-78.43607,,,11.070,0.054,245.2
522,38.42998,-78.43663,,,11.123,0.034,270.0
523,38.42998,-78.43702,,,11.157,0.035,229.4
524,38.42978,-78.43732,,,11.192,0.068,266.8
525,38.42974,-78.43809,,,11.259,0.043,285.3
526,38.42984,-78.43856,,,11.302,0.038,264.3
527,38.42981,-78.43899,,,11.340,0.049,202.6
528,38.42940,-78.43921,,,11.388,0.061,217.6
529,38.42897,-78.43963,,,11.450,0.045,265.2
530,38.42893,-78.44015,,,11.495,0.083,267.4
531,38.42890,-78.44109,,,11.578,0.037,315.0
532,38.42913,-78.44139,,,11.615,0.042,296.6
533,38.42930,-78.44182,,,11.656,0.049,270.0
534,38.42930,-78.44238,,,11.705,0.054,245.2
535,38.42910,-78.44294,,,11.759,0.045,274.8
536,38.42913,-78.44345,,,11.804,0.048,315.0
537,38.42944,-78.44384,,,11.852,0.059,309.8
538,38.42978,-78.44436,,,11.910,0.052,291.0
539,38.42994,-78.44491,,,11.962,0.075,306.9
540,38.43035,-78.44560,,,12.037,0.042,296.6
541,38.43052,-78.44603,,,12.079,0.066,286.4
542,38.43069,-78.44676,,,12.146,0.054,294.8
543,38.43089,-78.44732,,,12.199,0.034,296.6
544,38.43102,-78.44766,,,12.233,0.032,315.0
545,38.43123,-78.44792,,,12.265,0.047,331.4
546,38.43160,-78.44817,,,12.312,0.047,341.6
547,38.43200,-78.44835,,,12.359,0.037,323.1
548,38.43227,-78.44860,,,12.396,0.043,307.9
549,38.43251,-78.44899,,,12.439,0.062,302.7
550,38.43281,-78.44959,,,12.502,0.035,302.0
551,38.43298,-78.44993,,,12.537,0.071,288.4
552,38.43318,-78.45071,,,12.608,0.014,326.3
553,38.43329,-78.45079,,,12.621,0.049,355.6
554,38.43372,-78.45084,,,12.670,0.051,342.9
555,38.43416,-78.45101,,,12.721,0.059,320.2
556,38.43457,-78.45144,,,12.780,0.049,355.6
557,38.43501,-78.45148,,,12.829,0.040,338.2
558,38.43534,-78.45165,,,12.869,0.051,342.9
559,38.43578,-78.45182,,,12.920,0.029,23.2
560,38.43602,-78.45169,,,12.949,0.037,24.0
561,38.43632,-78.45152,,,12.985,0.032,35.5
562,38.43656,-78.45131,,,13.018,0.053,50.7
563,38.43686,-78.45084,,,13.071,0.047,28.6
564,38.43724,-78.45058,,,13.118,0.056,0.0
565,38.43774,-78.45058,,,13.174,0.045,318.4
566,38.43805,-78.45092,,,13.219,0.035,319.4
567,38.43828,-78.45118,,,13.254,0.047,331.4
568,38.43865,-78.45144,,,13.301,0.042,296.6
569,38.43882,-78.45187,,,13.343,0.043,322.1
570,38.43913,-78.45217,,,13.385,0.055,298.3
571,38.43936,-78.45272,,,13.441,0.043,285.3
572,38.43946,-78.45320,,,13.483,0.040,291.8
573,38.43960,-78.45363,,,13.524,0.054,294.8
574,38.43980,-78.45418,,,13.577,0.037,306.9
575,38.44000,-78.45453,,,13.615,0.058,315.0
576,38.44037,-78.45500,,,13.673,0.053,309.3
577,38.44068,-78.45547,,,13.726,0.047,298.6
578,38.44088,-78.45594,,,13.773,0.044,290.0
579,38.44102,-78.45641,,,13.817,0.059,309.8
580,38.44135,-78.45693,,,13.876,0.035,282.5
581,38.44142,-78.45732,,,13.910,0.058,284.9
582,38.44156,-78.45796,,,13.968,0.043,285.3
583,38.44166,-78.45843,,,14.011,0.065,283.2
584,38.44179,-78.45916,,,14.077,0.069,292.4
585,38.44203,-78.45989,,,14.145,0.070,285.5
586,38.44220,-78.46066,,,14.215,0.039,299.1
587,38.44237,-78.46105,,,14.254,0.039,286.7
588,38.44247,-78.46148,,,14.293,0.045,294.4
589,38.44264,-78.46195,,,14.338,0.032,290.6
590,38.44274,-78.46229,,,14.370,0.052,291.0
591,38.44291,-78.46285,,,14.423,0.046,279.5
592,38.44297,-78.46337,,,14.468,0.051,287.1
593,38.44311,-78.46392,,,14.519,0.042,280.3
594,38.44318,-78.46440,,,14.561,0.049,274.4
595,38.44321,-78.46495,,,14.610,0.046,279.5
596,38.44328,-78.46547,,,14.655,0.021,315.0
597,38.44341,-78.46564,,,14.677,0.029,23.2
598,38.44365,-78.46551,,,14.705,0.064,69.4
599,38.44385,-78.46483,,,14.769,0.055,61.7
600,38.44409,-78.46427,,,14.824,0.057,66.8
601,38.44429,-78.46367,,,14.882,0.037,90.0
602,38.44429,-78.46324,,,14.919,0.064,83.3
603,38.44436,-78.46251,,,14.983,0.049,90.0
604,38.44436,-78.46195,,,15.032,0.061,100.6
605,38.44426,-78.46126,,,15.093,0.056,86.2
606,38.44429,-78.46062,,,15.149,0.076,69.8
607,38.44453,-78.45980,,,15.225,0.039,73.3
608,38.44463,-78.45938,,,15.264,0.063,72.6
609,38.44480,-78.45869,,,15.327,0.044,59.0
610,38.44500,-78.45826,,,15.371,0.038,101.3
611,38.44493,-78.45783,,,15.409,0.052,120.3
612,38.44469,-78.45732,,,15.461,0.087,97.4
613,38.44459,-78.45633,,,15.548,0.066,106.4
614,38.44442,-78.45560,,,15.614,0.074,120.5
615,38.44409,-78.45487,,,15.688,0.044,70.0
616,38.44422,-78.45440,,,15.732,0.052,90.0
617,38.44422,-78.45380,,,15.784,0.056,90.0
618,38.44422,-78.45315,,,15.841,0.060,86.4
619,38.44426,-78.45247,,,15.901,0.068,80.5
620,38.44436,-78.45169,,,15.969,0.058,75.1
621,38.44449,-78.45105,,,16.027,0.072,84.0
622,38.44456,-78.45023,,,16.099,0.068,83.7
623,38.44463,-78.44946,,,16.167,0.025,63.4
624,38.44473,-78.44920,,,16.192,0.032,54.5
625,38.44490,-78.44890,,,16.224,0.050,26.6
626,38.44530,-78.44865,,,16.274,0.029,66.8
627,38.44540,-78.44835,,,16.303,0.027,33.7
628,38.44561,-78.44817,,,16.330,0.064,61.9
629,38.44588,-78.44753,,,16.393,0.026,81.9
630,38.44591,-78.44723,,,16.420,0.023,80.5
631,38.44594,-78.44697,,,16.443,0.050,77.0
632,38.44604,-78.44642,,,16.493,0.039,60.9
633,38.44621,-78.44603,,,16.531,0.037,66.0
634,38.44635,-78.44564,,,16.568,0.046,80.5
635,38.44642,-78.44513,,,16.614,0.032,110.6
636,38.44631,-78.44478,,,16.646,0.060,82.9
637,38.44638,-78.44410,,,16.706,0.041,123.7
638,38.44618,-78.44371,,,16.747,0.012,108.4
639,38.44615,-78.44358,,,16.759,0.054,123.7
640,38.44588,-78.44307,,,16.813,0.046,125.0
641,38.44564,-78.44264,,,16.858,0.044,121.0
642,38.44544,-78.44221,,,16.902,0.040,131.2
643,38.44520,-78.44187,,,16.942,0.061,127.6
644,38.44486,-78.44131,,,17.003,0.058,135.0
645,38.44449,-78.44084,,,17.062,0.045,138.4
646,38.44419,-78.44049,,,17.107,0.053,135.0
647,38.44385,-78.44006,,,17.160,0.046,104.0
648,38.44375,-78.43955,,,17.206,0.087,121.0
649,38.44334,-78.43869,,,17.293,0.015,104.0
650,38.44331,-78.43852,,,17.309,0.044,110.0
651,38.44318,-78.43805,,,17.353,0.060,90.0
652,38.44318,-78.43736,,,17.413,0.038,101.3
653,38.44311,-78.43693,,,17.451,0.000,0.0
